begin;
truncate demo_audit_events,parent_notifications,boarding_events,student_route_assignments,student_passes,students,route_stops,routes,vehicles,users,schools cascade;
insert into schools(id,code,name,timezone) values('10000000-0000-4000-8000-000000000001','SPS','Sunrise Public School','Asia/Kolkata'),('10000000-0000-4000-8000-000000000002','GVA','Green Valley Academy','Asia/Kolkata');
insert into users(id,school_id,role,name,email) values
('40000000-0000-4000-8000-000000000001','10000000-0000-4000-8000-000000000001','driver','Ramesh Kumar','driver@sunrise.demo'),
('40000000-0000-4000-8000-000000000002','10000000-0000-4000-8000-000000000001','parent','Neha Sharma','parent@sunrise.demo'),
('40000000-0000-4000-8000-000000000003','10000000-0000-4000-8000-000000000001','school_admin','Kavita Rao','admin@sunrise.demo'),
('40000000-0000-4000-8000-000000000004',null,'super_admin','Demo Platform Admin','platform@schoolride.demo'),
('40000000-0000-4000-8000-000000000005','10000000-0000-4000-8000-000000000002','parent','Green Valley Demo Parent','parent@greenvalley.demo'),
('40000000-0000-4000-8000-000000000006','10000000-0000-4000-8000-000000000001','driver','Suresh Yadav','suresh@sunrise.demo');
insert into vehicles(id,school_id,code,registration_no) values('30000000-0000-4000-8000-000000000012','10000000-0000-4000-8000-000000000001','BUS-12','RJ14 PB 2045'),('30000000-0000-4000-8000-000000000007','10000000-0000-4000-8000-000000000001','BUS-07','RJ14 PC 1188'),('30000000-0000-4000-8000-000000000107','10000000-0000-4000-8000-000000000002','GVA-01','RJ14 GD 1001');
insert into routes(id,school_id,code,name,direction,vehicle_id,driver_user_id) values('20000000-0000-4000-8000-000000000004','10000000-0000-4000-8000-000000000001','MR-04','Morning Route 4','morning','30000000-0000-4000-8000-000000000012','40000000-0000-4000-8000-000000000001'),('20000000-0000-4000-8000-000000000007','10000000-0000-4000-8000-000000000001','MR-07','Morning Route 7','morning','30000000-0000-4000-8000-000000000007','40000000-0000-4000-8000-000000000006'),('20000000-0000-4000-8000-000000000107','10000000-0000-4000-8000-000000000002','GVA-01','Green Valley Route 1','morning','30000000-0000-4000-8000-000000000107','40000000-0000-4000-8000-000000000005');
insert into route_stops(id,school_id,route_id,name,sequence_no,latitude,longitude) values
('80000000-0000-4000-8000-000000000001','10000000-0000-4000-8000-000000000001','20000000-0000-4000-8000-000000000004','Vaishali Nagar',1,26.9124,75.7873),('80000000-0000-4000-8000-000000000002','10000000-0000-4000-8000-000000000001','20000000-0000-4000-8000-000000000004','Gandhi Path',2,26.9009,75.7478),('80000000-0000-4000-8000-000000000003','10000000-0000-4000-8000-000000000001','20000000-0000-4000-8000-000000000004','Chitrakoot',3,26.895,75.748),('80000000-0000-4000-8000-000000000004','10000000-0000-4000-8000-000000000001','20000000-0000-4000-8000-000000000004','Ajmer Road',4,26.9028,75.7544),('80000000-0000-4000-8000-000000000011','10000000-0000-4000-8000-000000000001','20000000-0000-4000-8000-000000000007','Civil Lines',1,26.9196,75.8033),('80000000-0000-4000-8000-000000000101','10000000-0000-4000-8000-000000000002','20000000-0000-4000-8000-000000000107','Central Park',1,26.905,75.81);
insert into students(id,school_id,admission_no,name,grade,section,parent_user_id) values
('50000000-0000-4000-8000-000000000001','10000000-0000-4000-8000-000000000001','SPS001','Aarav Sharma','4','A','40000000-0000-4000-8000-000000000002'),('50000000-0000-4000-8000-000000000002','10000000-0000-4000-8000-000000000001','SPS002','Meera Jain','5','B','40000000-0000-4000-8000-000000000002'),('50000000-0000-4000-8000-000000000003','10000000-0000-4000-8000-000000000001','SPS003','Riya Gupta','3','A','40000000-0000-4000-8000-000000000002'),('50000000-0000-4000-8000-000000000004','10000000-0000-4000-8000-000000000001','SPS004','Kabir Mehta','6','A','40000000-0000-4000-8000-000000000002'),('50000000-0000-4000-8000-000000000005','10000000-0000-4000-8000-000000000001','SPS005','Anaya Singh','2','B','40000000-0000-4000-8000-000000000002'),('50000000-0000-4000-8000-000000000006','10000000-0000-4000-8000-000000000001','SPS006','Vivaan Joshi','4','B','40000000-0000-4000-8000-000000000002'),('50000000-0000-4000-8000-000000000007','10000000-0000-4000-8000-000000000001','SPS007','Ishita Verma','5','A','40000000-0000-4000-8000-000000000002'),('50000000-0000-4000-8000-000000000008','10000000-0000-4000-8000-000000000001','SPS008','Arjun Saini','3','C','40000000-0000-4000-8000-000000000002'),('50000000-0000-4000-8000-000000000009','10000000-0000-4000-8000-000000000001','SPS009','Myra Agarwal','1','A','40000000-0000-4000-8000-000000000002'),('50000000-0000-4000-8000-000000000010','10000000-0000-4000-8000-000000000001','SPS010','Dev Bansal','6','B','40000000-0000-4000-8000-000000000002'),('50000000-0000-4000-8000-000000000011','10000000-0000-4000-8000-000000000001','SPS011','Route 7 Demo Student','5','C','40000000-0000-4000-8000-000000000002'),('50000000-0000-4000-8000-000000000101','10000000-0000-4000-8000-000000000002','GVA001','Ira Kapoor','4','A','40000000-0000-4000-8000-000000000005');
insert into student_passes(id,school_id,student_id,token_hash,demo_token,token_type,status) select replace(id::text,'50000000','70000000')::uuid,school_id,id,encode(extensions.digest(case admission_no when 'SPS001' then 'stp_live_aarav_001' when 'SPS002' then 'stp_live_meera_002' when 'SPS003' then 'stp_live_riya_003' when 'SPS004' then 'stp_live_kabir_004' when 'SPS011' then 'stp_live_route7_005' when 'GVA001' then 'stp_gva_ira_001' else 'stp_demo_'||admission_no end,'sha256'),'hex'),case admission_no when 'SPS001' then 'stp_live_aarav_001' when 'SPS002' then 'stp_live_meera_002' when 'SPS003' then 'stp_live_riya_003' when 'SPS004' then 'stp_live_kabir_004' when 'SPS011' then 'stp_live_route7_005' when 'GVA001' then 'stp_gva_ira_001' else 'stp_demo_'||admission_no end,'qr','active' from students;
insert into student_route_assignments(id,school_id,student_id,route_id,stop_id,effective_from) select gen_random_uuid(),school_id,id,case when admission_no='SPS011' then '20000000-0000-4000-8000-000000000007'::uuid when admission_no='GVA001' then '20000000-0000-4000-8000-000000000107'::uuid else '20000000-0000-4000-8000-000000000004'::uuid end,case when admission_no='SPS011' then '80000000-0000-4000-8000-000000000011'::uuid when admission_no='GVA001' then '80000000-0000-4000-8000-000000000101'::uuid when admission_no in('SPS002','SPS005','SPS009') then '80000000-0000-4000-8000-000000000002'::uuid when admission_no in('SPS003','SPS006','SPS010') then '80000000-0000-4000-8000-000000000003'::uuid when admission_no='SPS007' then '80000000-0000-4000-8000-000000000004'::uuid else '80000000-0000-4000-8000-000000000001'::uuid end,current_date from students;
insert into boarding_events(school_id,student_id,student_pass_id,route_id,vehicle_id,driver_user_id,service_date,status,occurred_at,location_status,latitude,longitude,sync_source,idempotency_key,client_device_id) select school_id,id,replace(id::text,'50000000','70000000')::uuid,'20000000-0000-4000-8000-000000000004','30000000-0000-4000-8000-000000000012','40000000-0000-4000-8000-000000000001',current_date,'confirmed',date_trunc('day',now() at time zone 'Asia/Kolkata') at time zone 'Asia/Kolkata'+interval '7 hours 20 minutes'+((substring(admission_no,4)::int)-4)*interval '1 minute','simulated',26.9124,75.7873,'demo','seed-'||current_date||'-'||admission_no,'seed' from students where admission_no between 'SPS004' and 'SPS010';
commit;
